book,chapter,rouge1_precision_sshleifer/distilbart-cnn-12-6,rouge1_recall_sshleifer/distilbart-cnn-12-6,rouge1_fmeasure_sshleifer/distilbart-cnn-12-6,rouge2_precision_sshleifer/distilbart-cnn-12-6,rouge2_recall_sshleifer/distilbart-cnn-12-6,rouge2_fmeasure_sshleifer/distilbart-cnn-12-6,rougeL_precision_sshleifer/distilbart-cnn-12-6,rougeL_recall_sshleifer/distilbart-cnn-12-6,rougeL_fmeasure_sshleifer/distilbart-cnn-12-6,rouge1_precision_/content/drive/My Drive/MAGMA: Summarization/fine-tuning/sshleifer?distilbart-cnn-12-6_karger_books_para_train,rouge1_recall_/content/drive/My Drive/MAGMA: Summarization/fine-tuning/sshleifer?distilbart-cnn-12-6_karger_books_para_train,rouge1_fmeasure_/content/drive/My Drive/MAGMA: Summarization/fine-tuning/sshleifer?distilbart-cnn-12-6_karger_books_para_train,rouge2_precision_/content/drive/My Drive/MAGMA: Summarization/fine-tuning/sshleifer?distilbart-cnn-12-6_karger_books_para_train,rouge2_recall_/content/drive/My Drive/MAGMA: Summarization/fine-tuning/sshleifer?distilbart-cnn-12-6_karger_books_para_train,rouge2_fmeasure_/content/drive/My Drive/MAGMA: Summarization/fine-tuning/sshleifer?distilbart-cnn-12-6_karger_books_para_train,rougeL_precision_/content/drive/My Drive/MAGMA: Summarization/fine-tuning/sshleifer?distilbart-cnn-12-6_karger_books_para_train,rougeL_recall_/content/drive/My Drive/MAGMA: Summarization/fine-tuning/sshleifer?distilbart-cnn-12-6_karger_books_para_train,rougeL_fmeasure_/content/drive/My Drive/MAGMA: Summarization/fine-tuning/sshleifer?distilbart-cnn-12-6_karger_books_para_train
9781910797631,chp6,0.18604651162790697,0.19047619047619047,0.18823529411764706,0.0,0.0,0.0,0.09302325581395349,0.09523809523809523,0.09411764705882353,0.3076923076923077,0.19047619047619047,0.23529411764705882,0.04,0.024390243902439025,0.030303030303030304,0.19230769230769232,0.11904761904761904,0.14705882352941174
9781910797631,chp6,0.1875,0.125,0.15,0.0,0.0,0.0,0.09375,0.0625,0.075,0.09523809523809523,0.08333333333333333,0.08888888888888889,0.0,0.0,0.0,0.047619047619047616,0.041666666666666664,0.044444444444444446
9781910797631,chp6,0.2972972972972973,0.34375,0.3188405797101449,0.05555555555555555,0.06451612903225806,0.059701492537313425,0.16216216216216217,0.1875,0.17391304347826086,0.23333333333333334,0.21875,0.22580645161290322,0.06896551724137931,0.06451612903225806,0.06666666666666667,0.16666666666666666,0.15625,0.16129032258064516
9781910797631,chp6,0.20689655172413793,0.24,0.22222222222222224,0.03571428571428571,0.041666666666666664,0.03846153846153846,0.13793103448275862,0.16,0.14814814814814817,0.13636363636363635,0.12,0.1276595744680851,0.0,0.0,0.0,0.13636363636363635,0.12,0.1276595744680851
9781910797631,chp6,0.0975609756097561,0.16,0.12121212121212122,0.0,0.0,0.0,0.07317073170731707,0.12,0.0909090909090909,0.10526315789473684,0.08,0.0909090909090909,0.0,0.0,0.0,0.10526315789473684,0.08,0.0909090909090909
9781910797426,ch03,0.5384615384615384,1.0,0.7000000000000001,0.47368421052631576,0.9,0.6206896551724138,0.5128205128205128,0.9523809523809523,0.6666666666666666,0.6521739130434783,0.7142857142857143,0.6818181818181819,0.5454545454545454,0.6,0.5714285714285713,0.5652173913043478,0.6190476190476191,0.5909090909090909
9781910797426,ch03,0.36363636363636365,0.36363636363636365,0.36363636363636365,0.14285714285714285,0.14285714285714285,0.14285714285714285,0.22727272727272727,0.22727272727272727,0.22727272727272727,0.1,0.09090909090909091,0.09523809523809525,0.05263157894736842,0.047619047619047616,0.05,0.1,0.09090909090909091,0.09523809523809525
9781910797426,ch03,0.1935483870967742,0.14634146341463414,0.16666666666666666,0.0,0.0,0.0,0.12903225806451613,0.0975609756097561,0.1111111111111111,0.4523809523809524,0.4634146341463415,0.4578313253012048,0.14634146341463414,0.15,0.14814814814814814,0.30952380952380953,0.3170731707317073,0.3132530120481927
9781910797426,ch03,0.3181818181818182,0.875,0.4666666666666667,0.2558139534883721,0.7333333333333333,0.3793103448275862,0.3181818181818182,0.875,0.4666666666666667,0.35,0.4375,0.38888888888888884,0.21052631578947367,0.26666666666666666,0.23529411764705882,0.35,0.4375,0.38888888888888884
9781910797426,ch03,0.3541666666666667,0.6071428571428571,0.4473684210526316,0.2127659574468085,0.37037037037037035,0.2702702702702703,0.2708333333333333,0.4642857142857143,0.3421052631578947,0.3157894736842105,0.21428571428571427,0.2553191489361702,0.05555555555555555,0.037037037037037035,0.04444444444444444,0.2631578947368421,0.17857142857142858,0.2127659574468085
9781908541277,ch_12,0.23529411764705882,0.42105263157894735,0.3018867924528302,0.06060606060606061,0.1111111111111111,0.0784313725490196,0.17647058823529413,0.3157894736842105,0.22641509433962262,0.45161290322580644,0.7368421052631579,0.56,0.3,0.5,0.37499999999999994,0.41935483870967744,0.6842105263157895,0.5200000000000001
9781908541277,ch_12,0.09375,0.2,0.12765957446808512,0.0,0.0,0.0,0.0625,0.13333333333333333,0.0851063829787234,0.2222222222222222,0.26666666666666666,0.2424242424242424,0.0,0.0,0.0,0.2222222222222222,0.26666666666666666,0.2424242424242424
9781908541277,ch_12,0.15625,0.29411764705882354,0.20408163265306123,0.06451612903225806,0.125,0.0851063829787234,0.125,0.23529411764705882,0.16326530612244897,0.16666666666666666,0.17647058823529413,0.17142857142857143,0.0,0.0,0.0,0.16666666666666666,0.17647058823529413,0.17142857142857143
9781908541277,ch_12,0.0,0.0,0.0,0.0,0.0,0.0,0.0,0.0,0.0,0.2222222222222222,0.21052631578947367,0.21621621621621623,0.0,0.0,0.0,0.16666666666666666,0.15789473684210525,0.16216216216216214
9781908541277,ch_12,0.07692307692307693,0.15,0.1016949152542373,0.02631578947368421,0.05263157894736842,0.03508771929824561,0.05128205128205128,0.1,0.06779661016949151,0.8181818181818182,0.9,0.8571428571428572,0.6666666666666666,0.7368421052631579,0.7,0.7727272727272727,0.85,0.8095238095238095
9781908541277,ch_12,0.17391304347826086,0.26666666666666666,0.2105263157894737,0.022222222222222223,0.034482758620689655,0.027027027027027025,0.08695652173913043,0.13333333333333333,0.10526315789473685,0.14035087719298245,0.26666666666666666,0.1839080459770115,0.017857142857142856,0.034482758620689655,0.023529411764705882,0.10526315789473684,0.2,0.13793103448275862
9781908541277,ch_12,0.16666666666666666,0.45454545454545453,0.2439024390243902,0.034482758620689655,0.1,0.05128205128205129,0.1,0.2727272727272727,0.14634146341463417,0.6363636363636364,0.6363636363636364,0.6363636363636364,0.5,0.5,0.5,0.6363636363636364,0.6363636363636364,0.6363636363636364
9781908541277,ch_12,0.09259259259259259,0.2777777777777778,0.1388888888888889,0.018867924528301886,0.058823529411764705,0.028571428571428574,0.05555555555555555,0.16666666666666666,0.08333333333333333,0.5714285714285714,0.8888888888888888,0.6956521739130435,0.4444444444444444,0.7058823529411765,0.5454545454545455,0.5357142857142857,0.8333333333333334,0.6521739130434783
9781910797907,chp6,0.52,0.5777777777777777,0.5473684210526315,0.32653061224489793,0.36363636363636365,0.3440860215053763,0.34,0.37777777777777777,0.3578947368421052,0.2727272727272727,0.26666666666666666,0.26966292134831465,0.09302325581395349,0.09090909090909091,0.09195402298850575,0.20454545454545456,0.2,0.20224719101123598
9781910797907,chp6,0.10256410256410256,0.2,0.13559322033898302,0.0,0.0,0.0,0.07692307692307693,0.15,0.1016949152542373,0.3684210526315789,0.35,0.358974358974359,0.2222222222222222,0.21052631578947367,0.21621621621621623,0.3157894736842105,0.3,0.3076923076923077
9781910797907,chp6,0.14705882352941177,0.25,0.18518518518518517,0.0,0.0,0.0,0.058823529411764705,0.1,0.07407407407407408,0.3333333333333333,0.5,0.4,0.10344827586206896,0.15789473684210525,0.125,0.3,0.45,0.36000000000000004
9781910797907,chp6,0.21951219512195122,0.3333333333333333,0.2647058823529412,0.0,0.0,0.0,0.12195121951219512,0.18518518518518517,0.14705882352941174,0.17142857142857143,0.2222222222222222,0.1935483870967742,0.0,0.0,0.0,0.11428571428571428,0.14814814814814814,0.12903225806451613
9781910797907,chp6,0.4583333333333333,0.5789473684210527,0.5116279069767442,0.2608695652173913,0.3333333333333333,0.2926829268292683,0.4166666666666667,0.5263157894736842,0.46511627906976744,0.9090909090909091,0.5263157894736842,0.6666666666666666,0.6,0.3333333333333333,0.42857142857142855,0.9090909090909091,0.5263157894736842,0.6666666666666666
9781908541277,ch_8,0.07547169811320754,0.2222222222222222,0.11267605633802816,0.0,0.0,0.0,0.07547169811320754,0.2222222222222222,0.11267605633802816,0.13043478260869565,0.16666666666666666,0.14634146341463414,0.0,0.0,0.0,0.08695652173913043,0.1111111111111111,0.0975609756097561
9781908541277,ch_8,0.20512820512820512,0.47058823529411764,0.28571428571428564,0.05263157894736842,0.125,0.07407407407407407,0.20512820512820512,0.47058823529411764,0.28571428571428564,0.43478260869565216,0.5882352941176471,0.5,0.13636363636363635,0.1875,0.15789473684210525,0.43478260869565216,0.5882352941176471,0.5
9781908541277,ch_8,0.10256410256410256,0.23529411764705882,0.14285714285714282,0.0,0.0,0.0,0.07692307692307693,0.17647058823529413,0.10714285714285716,0.17391304347826086,0.23529411764705882,0.19999999999999998,0.0,0.0,0.0,0.08695652173913043,0.11764705882352941,0.09999999999999999
9781910797006,ch08,0.10869565217391304,0.35714285714285715,0.16666666666666666,0.0,0.0,0.0,0.08695652173913043,0.2857142857142857,0.13333333333333333,0.47619047619047616,0.7142857142857143,0.5714285714285714,0.3,0.46153846153846156,0.3636363636363637,0.47619047619047616,0.7142857142857143,0.5714285714285714
9781910797006,ch08,0.13953488372093023,0.4,0.2068965517241379,0.023809523809523808,0.07142857142857142,0.03571428571428571,0.11627906976744186,0.3333333333333333,0.1724137931034483,0.625,0.6666666666666666,0.6451612903225806,0.4,0.42857142857142855,0.4137931034482759,0.625,0.6666666666666666,0.6451612903225806
9781910797006,ch08,0.13793103448275862,0.21052631578947367,0.16666666666666666,0.07142857142857142,0.1111111111111111,0.08695652173913043,0.10344827586206896,0.15789473684210525,0.125,0.6470588235294118,0.5789473684210527,0.6111111111111113,0.5625,0.5,0.5294117647058824,0.6470588235294118,0.5789473684210527,0.6111111111111113
9781910797006,ch08,0.13793103448275862,0.3076923076923077,0.1904761904761905,0.03571428571428571,0.08333333333333333,0.05,0.06896551724137931,0.15384615384615385,0.09523809523809525,0.09302325581395349,0.3076923076923077,0.14285714285714285,0.047619047619047616,0.16666666666666666,0.07407407407407407,0.06976744186046512,0.23076923076923078,0.10714285714285714
9781910797006,ch08,0.10344827586206896,0.2727272727272727,0.15,0.03571428571428571,0.1,0.05263157894736841,0.06896551724137931,0.18181818181818182,0.1,0.046511627906976744,0.18181818181818182,0.07407407407407407,0.0,0.0,0.0,0.046511627906976744,0.18181818181818182,0.07407407407407407
9781910797006,ch08,0.17073170731707318,0.4117647058823529,0.24137931034482757,0.05,0.125,0.07142857142857144,0.12195121951219512,0.29411764705882354,0.17241379310344826,0.17391304347826086,0.23529411764705882,0.19999999999999998,0.045454545454545456,0.0625,0.052631578947368425,0.13043478260869565,0.17647058823529413,0.15
9781910797105,ch06,0.38636363636363635,1.0,0.5573770491803279,0.3488372093023256,0.9375,0.5084745762711865,0.38636363636363635,1.0,0.5573770491803279,0.6296296296296297,1.0,0.7727272727272727,0.5769230769230769,0.9375,0.7142857142857143,0.6296296296296297,1.0,0.7727272727272727
9781910797105,ch06,0.1590909090909091,0.4117647058823529,0.22950819672131148,0.06976744186046512,0.1875,0.10169491525423728,0.1590909090909091,0.4117647058823529,0.22950819672131148,0.25925925925925924,0.4117647058823529,0.3181818181818182,0.11538461538461539,0.1875,0.14285714285714285,0.25925925925925924,0.4117647058823529,0.3181818181818182
9781910797105,ch06,0.3125,0.625,0.4166666666666667,0.12903225806451613,0.26666666666666666,0.17391304347826086,0.3125,0.625,0.4166666666666667,0.3125,0.625,0.4166666666666667,0.12903225806451613,0.26666666666666666,0.17391304347826086,0.3125,0.625,0.4166666666666667
9781910797105,ch06,0.1875,0.5294117647058824,0.27692307692307694,0.10638297872340426,0.3125,0.15873015873015872,0.16666666666666666,0.47058823529411764,0.24615384615384617,0.08823529411764706,0.17647058823529413,0.11764705882352942,0.0,0.0,0.0,0.08823529411764706,0.17647058823529413,0.11764705882352942
9781910797105,ch06,0.3148148148148148,1.0,0.4788732394366197,0.20754716981132076,0.6875,0.31884057971014496,0.24074074074074073,0.7647058823529411,0.36619718309859156,0.64,0.9411764705882353,0.7619047619047621,0.5,0.75,0.6,0.36,0.5294117647058824,0.42857142857142855
9781910797105,ch06,0.16666666666666666,0.5789473684210527,0.2588235294117647,0.12307692307692308,0.4444444444444444,0.1927710843373494,0.15151515151515152,0.5263157894736842,0.23529411764705885,0.25,0.3157894736842105,0.27906976744186046,0.08695652173913043,0.1111111111111111,0.0975609756097561,0.20833333333333334,0.2631578947368421,0.23255813953488372
9783318068207,hh-5,0.23333333333333334,0.3333333333333333,0.27450980392156865,0.0,0.0,0.0,0.13333333333333333,0.19047619047619047,0.1568627450980392,0.38461538461538464,0.23809523809523808,0.2941176470588235,0.04,0.024390243902439025,0.030303030303030304,0.2692307692307692,0.16666666666666666,0.20588235294117643
9783318068207,hh-5,0.0847457627118644,0.3125,0.13333333333333333,0.0,0.0,0.0,0.06779661016949153,0.25,0.10666666666666667,0.6153846153846154,1.0,0.761904761904762,0.6,1.0,0.7499999999999999,0.6153846153846154,1.0,0.761904761904762
9783318068207,hh-5,0.14,0.4375,0.21212121212121213,0.04081632653061224,0.13333333333333333,0.0625,0.12,0.375,0.18181818181818182,0.2608695652173913,0.375,0.30769230769230765,0.09090909090909091,0.13333333333333333,0.10810810810810811,0.21739130434782608,0.3125,0.2564102564102564
9783318068207,hh-5,0.27450980392156865,0.7777777777777778,0.4057971014492754,0.14,0.4117647058823529,0.208955223880597,0.21568627450980393,0.6111111111111112,0.31884057971014496,0.42857142857142855,0.6666666666666666,0.5217391304347826,0.25925925925925924,0.4117647058823529,0.3181818181818182,0.39285714285714285,0.6111111111111112,0.4782608695652174
9783318068207,hh-5,0.2608695652173913,0.2,0.22641509433962265,0.0,0.0,0.0,0.13043478260869565,0.1,0.11320754716981132,0.25925925925925924,0.23333333333333334,0.2456140350877193,0.0,0.0,0.0,0.1111111111111111,0.1,0.10526315789473685
9781910797105,ch04,0.075,0.23076923076923078,0.11320754716981132,0.02564102564102564,0.08333333333333333,0.039215686274509796,0.075,0.23076923076923078,0.11320754716981132,0.2,0.15384615384615385,0.17391304347826086,0.0,0.0,0.0,0.1,0.07692307692307693,0.08695652173913043
9781910797105,ch04,0.08571428571428572,0.42857142857142855,0.14285714285714285,0.0,0.0,0.0,0.08571428571428572,0.42857142857142855,0.14285714285714285,0.0,0.0,0.0,0.0,0.0,0.0,0.0,0.0,0.0
9781910797105,ch04,0.1875,0.3157894736842105,0.23529411764705882,0.0,0.0,0.0,0.125,0.21052631578947367,0.1568627450980392,0.3,0.15789473684210525,0.20689655172413793,0.1111111111111111,0.05555555555555555,0.07407407407407407,0.3,0.15789473684210525,0.20689655172413793
9781910797105,ch04,0.11764705882352941,0.35294117647058826,0.17647058823529413,0.02,0.0625,0.030303030303030304,0.09803921568627451,0.29411764705882354,0.14705882352941177,0.10810810810810811,0.23529411764705882,0.14814814814814817,0.0,0.0,0.0,0.08108108108108109,0.17647058823529413,0.11111111111111113
9781910797105,ch04,0.09803921568627451,0.3333333333333333,0.1515151515151515,0.04,0.14285714285714285,0.0625,0.09803921568627451,0.3333333333333333,0.1515151515151515,0.05405405405405406,0.13333333333333333,0.07692307692307693,0.0,0.0,0.0,0.05405405405405406,0.13333333333333333,0.07692307692307693
9781910797006,ch03,0.11864406779661017,0.175,0.1414141414141414,0.0,0.0,0.0,0.06779661016949153,0.1,0.0808080808080808,0.09090909090909091,0.05,0.06451612903225806,0.0,0.0,0.0,0.09090909090909091,0.05,0.06451612903225806
9781910797006,ch03,0.25,0.7,0.3684210526315789,0.14814814814814814,0.4444444444444444,0.2222222222222222,0.25,0.7,0.3684210526315789,0.3181818181818182,0.7,0.4375,0.19047619047619047,0.4444444444444444,0.26666666666666666,0.3181818181818182,0.7,0.4375
9781910797006,ch03,0.21052631578947367,0.24242424242424243,0.22535211267605634,0.0,0.0,0.0,0.10526315789473684,0.12121212121212122,0.11267605633802817,0.24242424242424243,0.24242424242424243,0.24242424242424243,0.03125,0.03125,0.03125,0.12121212121212122,0.12121212121212122,0.12121212121212122
9781910797006,ch03,0.13953488372093023,0.3333333333333333,0.19672131147540986,0.0,0.0,0.0,0.09302325581395349,0.2222222222222222,0.13114754098360654,0.1,0.1111111111111111,0.10526315789473685,0.0,0.0,0.0,0.05,0.05555555555555555,0.052631578947368425
9781910797006,ch03,0.0,0.0,0.0,0.0,0.0,0.0,0.0,0.0,0.0,0.1875,0.2727272727272727,0.2222222222222222,0.0,0.0,0.0,0.125,0.18181818181818182,0.14814814814814814
9781910797006,ch03,0.08163265306122448,0.3333333333333333,0.13114754098360654,0.041666666666666664,0.18181818181818182,0.06779661016949153,0.08163265306122448,0.3333333333333333,0.13114754098360654,0.0,0.0,0.0,0.0,0.0,0.0,0.0,0.0,0.0
9781910797006,ch03,0.26666666666666666,0.7619047619047619,0.3950617283950617,0.0847457627118644,0.25,0.12658227848101267,0.16666666666666666,0.47619047619047616,0.2469135802469136,0.4666666666666667,0.3333333333333333,0.3888888888888889,0.0,0.0,0.0,0.3333333333333333,0.23809523809523808,0.2777777777777778
9781910797006,ch03,0.358974358974359,0.5,0.417910447761194,0.2631578947368421,0.37037037037037035,0.30769230769230765,0.3076923076923077,0.42857142857142855,0.3582089552238806,0.52,0.4642857142857143,0.49056603773584906,0.4166666666666667,0.37037037037037035,0.39215686274509803,0.52,0.4642857142857143,0.49056603773584906
9781908541406,ch_6,0.10204081632653061,0.20833333333333334,0.136986301369863,0.0,0.0,0.0,0.08163265306122448,0.16666666666666666,0.10958904109589039,0.16666666666666666,0.16666666666666666,0.16666666666666666,0.0,0.0,0.0,0.125,0.125,0.125
9781908541406,ch_6,0.1111111111111111,0.22727272727272727,0.14925373134328357,0.0,0.0,0.0,0.08888888888888889,0.18181818181818182,0.11940298507462685,0.3076923076923077,0.18181818181818182,0.2285714285714286,0.08333333333333333,0.047619047619047616,0.060606060606060615,0.3076923076923077,0.18181818181818182,0.2285714285714286
9781908541406,ch_6,0.21875,0.3333333333333333,0.2641509433962264,0.03225806451612903,0.05,0.0392156862745098,0.15625,0.23809523809523808,0.18867924528301888,0.35294117647058826,0.2857142857142857,0.31578947368421056,0.0625,0.05,0.05555555555555556,0.29411764705882354,0.23809523809523808,0.2631578947368421
9781908541406,ch_6,0.14285714285714285,0.29411764705882354,0.1923076923076923,0.058823529411764705,0.125,0.07999999999999999,0.08571428571428572,0.17647058823529413,0.11538461538461539,0.4166666666666667,0.29411764705882354,0.3448275862068966,0.18181818181818182,0.125,0.14814814814814814,0.25,0.17647058823529413,0.20689655172413793
9781908541406,ch_6,0.2391304347826087,0.39285714285714285,0.2972972972972973,0.1111111111111111,0.18518518518518517,0.13888888888888887,0.1956521739130435,0.32142857142857145,0.24324324324324326,0.2692307692307692,0.25,0.2592592592592593,0.04,0.037037037037037035,0.03846153846153846,0.15384615384615385,0.14285714285714285,0.14814814814814817
9781908541277,ch_6,0.09375,0.6,0.16216216216216214,0.03225806451612903,0.25,0.05714285714285715,0.09375,0.6,0.16216216216216214,0.14285714285714285,0.6,0.23076923076923073,0.05,0.25,0.08333333333333334,0.14285714285714285,0.6,0.23076923076923073
9781908541277,ch_6,0.2727272727272727,1.0,0.42857142857142855,0.25,1.0,0.4,0.2727272727272727,1.0,0.42857142857142855,0.5294117647058824,1.0,0.6923076923076924,0.5,1.0,0.6666666666666666,0.5294117647058824,1.0,0.6923076923076924
9781908541277,ch_6,0.2619047619047619,0.7333333333333333,0.38596491228070173,0.12195121951219512,0.35714285714285715,0.18181818181818182,0.16666666666666666,0.4666666666666667,0.2456140350877193,0.25925925925925924,0.4666666666666667,0.33333333333333337,0.07692307692307693,0.14285714285714285,0.1,0.18518518518518517,0.3333333333333333,0.23809523809523808
9781908541277,ch_6,0.10344827586206896,0.23076923076923078,0.14285714285714288,0.0,0.0,0.0,0.06896551724137931,0.15384615384615385,0.09523809523809525,0.5789473684210527,0.8461538461538461,0.6875,0.3888888888888889,0.5833333333333334,0.4666666666666666,0.5789473684210527,0.8461538461538461,0.6875
9781908541277,ch_6,0.17647058823529413,0.3,0.22222222222222224,0.0,0.0,0.0,0.11764705882352941,0.2,0.14814814814814817,0.45454545454545453,0.5,0.47619047619047616,0.09523809523809523,0.10526315789473684,0.1,0.3181818181818182,0.35,0.3333333333333333
9781908541277,ch_6,0.17647058823529413,0.42857142857142855,0.25,0.030303030303030304,0.07692307692307693,0.043478260869565216,0.11764705882352941,0.2857142857142857,0.16666666666666666,0.4090909090909091,0.6428571428571429,0.5000000000000001,0.09523809523809523,0.15384615384615385,0.11764705882352941,0.2727272727272727,0.42857142857142855,0.33333333333333326
9781908541277,ch_6,0.06060606060606061,0.125,0.0816326530612245,0.0,0.0,0.0,0.06060606060606061,0.125,0.0816326530612245,0.1875,0.1875,0.1875,0.0,0.0,0.0,0.125,0.125,0.125
9781910797815,chp3,0.23809523809523808,0.4,0.2985074626865672,0.04878048780487805,0.08333333333333333,0.061538461538461535,0.16666666666666666,0.28,0.20895522388059704,0.5945945945945946,0.88,0.7096774193548386,0.3888888888888889,0.5833333333333334,0.4666666666666666,0.5135135135135135,0.76,0.6129032258064517
9781910797815,chp3,0.2608695652173913,0.8571428571428571,0.4,0.2,0.6923076923076923,0.31034482758620696,0.2391304347826087,0.7857142857142857,0.36666666666666664,0.2777777777777778,0.35714285714285715,0.31250000000000006,0.058823529411764705,0.07692307692307693,0.06666666666666667,0.16666666666666666,0.21428571428571427,0.1875
9781910797815,chp3,0.6046511627906976,0.8666666666666667,0.7123287671232877,0.5238095238095238,0.7586206896551724,0.6197183098591549,0.5813953488372093,0.8333333333333334,0.684931506849315,0.225,0.3,0.2571428571428572,0.02564102564102564,0.034482758620689655,0.029411764705882353,0.15,0.2,0.17142857142857143
9781910797815,chp3,0.18604651162790697,0.2857142857142857,0.22535211267605632,0.023809523809523808,0.037037037037037035,0.028985507246376812,0.13953488372093023,0.21428571428571427,0.16901408450704225,0.16666666666666666,0.21428571428571427,0.1875,0.02857142857142857,0.037037037037037035,0.03225806451612903,0.1111111111111111,0.14285714285714285,0.125
9781910797815,chp3,0.125,0.17857142857142858,0.14705882352941174,0.0,0.0,0.0,0.1,0.14285714285714285,0.11764705882352941,0.875,0.5,0.6363636363636364,0.8,0.4444444444444444,0.5714285714285714,0.875,0.5,0.6363636363636364
9781910797815,chp3,0.32432432432432434,0.25,0.2823529411764706,0.08333333333333333,0.06382978723404255,0.07228915662650602,0.24324324324324326,0.1875,0.21176470588235297,0.2619047619047619,0.22916666666666666,0.24444444444444444,0.0,0.0,0.0,0.11904761904761904,0.10416666666666667,0.11111111111111112
9781910797310,chp3,0.1875,0.2727272727272727,0.2222222222222222,0.0,0.0,0.0,0.09375,0.13636363636363635,0.1111111111111111,0.26666666666666666,0.18181818181818182,0.21621621621621623,0.0,0.0,0.0,0.2,0.13636363636363635,0.16216216216216214
9781910797310,chp3,0.0625,0.15384615384615385,0.08888888888888889,0.0,0.0,0.0,0.0625,0.15384615384615385,0.08888888888888889,0.06666666666666667,0.07692307692307693,0.07142857142857144,0.0,0.0,0.0,0.06666666666666667,0.07692307692307693,0.07142857142857144
9781910797310,chp3,0.2727272727272727,0.2727272727272727,0.2727272727272727,0.0,0.0,0.0,0.15151515151515152,0.15151515151515152,0.15151515151515152,0.23529411764705882,0.24242424242424243,0.23880597014925375,0.0,0.0,0.0,0.14705882352941177,0.15151515151515152,0.14925373134328357
9781910797310,chp3,0.07692307692307693,0.11764705882352941,0.0930232558139535,0.0,0.0,0.0,0.07692307692307693,0.11764705882352941,0.0930232558139535,0.0,0.0,0.0,0.0,0.0,0.0,0.0,0.0,0.0
9781910797426,ch12,0.125,0.4444444444444444,0.1951219512195122,0.03225806451612903,0.125,0.05128205128205128,0.125,0.4444444444444444,0.1951219512195122,0.21052631578947367,0.4444444444444444,0.2857142857142857,0.05555555555555555,0.125,0.07692307692307691,0.21052631578947367,0.4444444444444444,0.2857142857142857
9781910797426,ch12,0.058823529411764705,0.10526315789473684,0.07547169811320754,0.0,0.0,0.0,0.058823529411764705,0.10526315789473684,0.07547169811320754,0.35294117647058826,0.3157894736842105,0.33333333333333337,0.0,0.0,0.0,0.29411764705882354,0.2631578947368421,0.27777777777777773
9781910797426,ch12,0.11764705882352941,0.21052631578947367,0.1509433962264151,0.0,0.0,0.0,0.08823529411764706,0.15789473684210525,0.11320754716981131,0.35294117647058826,0.3157894736842105,0.33333333333333337,0.1875,0.16666666666666666,0.17647058823529413,0.23529411764705882,0.21052631578947367,0.2222222222222222
9781910797426,ch12,0.07692307692307693,0.2857142857142857,0.12121212121212123,0.0,0.0,0.0,0.07692307692307693,0.2857142857142857,0.12121212121212123,0.1111111111111111,0.14285714285714285,0.125,0.0,0.0,0.0,0.1111111111111111,0.14285714285714285,0.125
9781910797426,ch12,0.2777777777777778,0.7692307692307693,0.40816326530612246,0.11428571428571428,0.3333333333333333,0.1702127659574468,0.16666666666666666,0.46153846153846156,0.2448979591836735,0.55,0.8461538461538461,0.6666666666666667,0.42105263157894735,0.6666666666666666,0.5161290322580646,0.5,0.7692307692307693,0.6060606060606061
9781910797426,ch12,0.2413793103448276,0.3333333333333333,0.28,0.07142857142857142,0.1,0.08333333333333333,0.2413793103448276,0.3333333333333333,0.28,0.5333333333333333,0.38095238095238093,0.4444444444444444,0.35714285714285715,0.25,0.2941176470588235,0.5333333333333333,0.38095238095238093,0.4444444444444444
9781908541024,ch_13,0.07142857142857142,0.375,0.12,0.0,0.0,0.0,0.047619047619047616,0.25,0.08,0.07692307692307693,0.125,0.09523809523809525,0.0,0.0,0.0,0.07692307692307693,0.125,0.09523809523809525
9781908541024,ch_13,0.10638297872340426,0.625,0.1818181818181818,0.021739130434782608,0.14285714285714285,0.03773584905660378,0.0851063829787234,0.5,0.14545454545454545,0.2,0.375,0.26086956521739135,0.0,0.0,0.0,0.06666666666666667,0.125,0.08695652173913045
9781908541024,ch_13,0.19148936170212766,0.45,0.26865671641791045,0.021739130434782608,0.05263157894736842,0.03076923076923077,0.10638297872340426,0.25,0.1492537313432836,0.13333333333333333,0.1,0.1142857142857143,0.0,0.0,0.0,0.13333333333333333,0.1,0.1142857142857143
9781908541024,ch_13,0.11627906976744186,0.4166666666666667,0.1818181818181818,0.0,0.0,0.0,0.09302325581395349,0.3333333333333333,0.14545454545454545,0.16666666666666666,0.25,0.2,0.0,0.0,0.0,0.1111111111111111,0.16666666666666666,0.13333333333333333
9781908541024,ch_13,0.06976744186046512,0.21428571428571427,0.10526315789473685,0.0,0.0,0.0,0.046511627906976744,0.14285714285714285,0.07017543859649122,0.05555555555555555,0.07142857142857142,0.0625,0.0,0.0,0.0,0.05555555555555555,0.07142857142857142,0.0625
9781910797617,chp6,0.4722222222222222,0.3333333333333333,0.39080459770114934,0.22857142857142856,0.16,0.18823529411764708,0.3888888888888889,0.27450980392156865,0.3218390804597701,0.48717948717948717,0.37254901960784315,0.42222222222222217,0.2631578947368421,0.2,0.22727272727272727,0.358974358974359,0.27450980392156865,0.31111111111111117
9781910797617,chp6,0.1794871794871795,0.4666666666666667,0.25925925925925924,0.10526315789473684,0.2857142857142857,0.15384615384615385,0.1794871794871795,0.4666666666666667,0.25925925925925924,0.16,0.26666666666666666,0.2,0.041666666666666664,0.07142857142857142,0.052631578947368425,0.16,0.26666666666666666,0.2
9781910797617,chp6,0.3125,0.32608695652173914,0.3191489361702128,0.02127659574468085,0.022222222222222223,0.02173913043478261,0.16666666666666666,0.17391304347826086,0.1702127659574468,0.32653061224489793,0.34782608695652173,0.3368421052631579,0.0,0.0,0.0,0.1836734693877551,0.1956521739130435,0.18947368421052632
9781910797617,chp6,0.2857142857142857,0.358974358974359,0.31818181818181823,0.020833333333333332,0.02631578947368421,0.023255813953488375,0.20408163265306123,0.2564102564102564,0.22727272727272727,0.48148148148148145,0.3333333333333333,0.3939393939393939,0.07692307692307693,0.05263157894736842,0.0625,0.2962962962962963,0.20512820512820512,0.24242424242424246
9781910797617,chp6,0.1836734693877551,0.34615384615384615,0.24000000000000002,0.020833333333333332,0.04,0.0273972602739726,0.12244897959183673,0.23076923076923078,0.16,0.28,0.2692307692307692,0.27450980392156865,0.041666666666666664,0.04,0.04081632653061224,0.24,0.23076923076923078,0.23529411764705882
9781908541994,ch02,0.23076923076923078,1.0,0.375,0.2,1.0,0.33333333333333337,0.23076923076923078,1.0,0.375,0.125,0.16666666666666666,0.14285714285714288,0.0,0.0,0.0,0.125,0.16666666666666666,0.14285714285714288
9781908541994,ch02,0.12244897959183673,0.2608695652173913,0.16666666666666666,0.020833333333333332,0.045454545454545456,0.028571428571428574,0.12244897959183673,0.2608695652173913,0.16666666666666666,0.2222222222222222,0.17391304347826086,0.1951219512195122,0.058823529411764705,0.045454545454545456,0.05128205128205128,0.16666666666666666,0.13043478260869565,0.14634146341463414
9781908541994,ch02,0.15789473684210525,0.23076923076923078,0.18749999999999997,0.02702702702702703,0.04,0.03225806451612903,0.10526315789473684,0.15384615384615385,0.125,0.16129032258064516,0.19230769230769232,0.17543859649122806,0.0,0.0,0.0,0.0967741935483871,0.11538461538461539,0.10526315789473684
9781910797471,ch05,0.0625,0.17647058823529413,0.09230769230769231,0.0,0.0,0.0,0.0625,0.17647058823529413,0.09230769230769231,0.09090909090909091,0.11764705882352941,0.10256410256410256,0.0,0.0,0.0,0.09090909090909091,0.11764705882352941,0.10256410256410256
9781910797471,ch05,0.45,0.8571428571428571,0.5901639344262294,0.358974358974359,0.7,0.4745762711864407,0.45,0.8571428571428571,0.5901639344262294,0.9473684210526315,0.8571428571428571,0.9,0.8333333333333334,0.75,0.7894736842105262,0.9473684210526315,0.8571428571428571,0.9
9781910797471,ch05,0.2909090909090909,0.6153846153846154,0.3950617283950617,0.2037037037037037,0.44,0.27848101265822783,0.2727272727272727,0.5769230769230769,0.37037037037037035,0.17142857142857143,0.23076923076923078,0.19672131147540986,0.029411764705882353,0.04,0.03389830508474576,0.14285714285714285,0.19230769230769232,0.16393442622950818
9781910797471,ch05,0.12,0.12,0.12,0.0,0.0,0.0,0.08,0.08,0.08,0.18181818181818182,0.08,0.1111111111111111,0.0,0.0,0.0,0.09090909090909091,0.04,0.05555555555555555
9781910797471,ch05,0.36,0.4090909090909091,0.3829787234042554,0.20833333333333334,0.23809523809523808,0.22222222222222224,0.32,0.36363636363636365,0.3404255319148936,0.36363636363636365,0.18181818181818182,0.24242424242424246,0.0,0.0,0.0,0.36363636363636365,0.18181818181818182,0.24242424242424246
9781910797471,ch05,0.20833333333333334,0.3333333333333333,0.25641025641025644,0.043478260869565216,0.07142857142857142,0.05405405405405405,0.125,0.2,0.15384615384615385,0.3888888888888889,0.4666666666666667,0.42424242424242425,0.11764705882352941,0.14285714285714285,0.12903225806451615,0.2777777777777778,0.3333333333333333,0.303030303030303
9781910797105,ch08,0.2564102564102564,0.625,0.3636363636363636,0.13157894736842105,0.3333333333333333,0.18867924528301885,0.1794871794871795,0.4375,0.2545454545454545,0.15,0.1875,0.16666666666666663,0.0,0.0,0.0,0.15,0.1875,0.16666666666666663
9781910797105,ch08,0.10344827586206896,0.6,0.17647058823529413,0.07017543859649122,0.4444444444444444,0.12121212121212122,0.08620689655172414,0.5,0.14705882352941177,0.10526315789473684,0.6,0.17910447761194026,0.03571428571428571,0.2222222222222222,0.06153846153846154,0.08771929824561403,0.5,0.14925373134328357
9781910797105,ch08,0.2826086956521739,0.8666666666666667,0.4262295081967213,0.2222222222222222,0.7142857142857143,0.3389830508474576,0.2608695652173913,0.8,0.39344262295081966,0.25,0.3333333333333333,0.28571428571428575,0.0,0.0,0.0,0.1,0.13333333333333333,0.1142857142857143
9781910797105,ch08,0.2826086956521739,0.8666666666666667,0.4262295081967213,0.2222222222222222,0.7142857142857143,0.3389830508474576,0.2608695652173913,0.8,0.39344262295081966,0.25,0.3333333333333333,0.28571428571428575,0.0,0.0,0.0,0.1,0.13333333333333333,0.1142857142857143
9781910797105,ch08,0.1,0.23529411764705882,0.14035087719298245,0.02564102564102564,0.0625,0.03636363636363637,0.1,0.23529411764705882,0.14035087719298245,0.18181818181818182,0.23529411764705882,0.20512820512820512,0.047619047619047616,0.0625,0.05405405405405405,0.13636363636363635,0.17647058823529413,0.15384615384615383
9781912776207,ch4,0.06666666666666667,0.3,0.1090909090909091,0.022727272727272728,0.1111111111111111,0.03773584905660377,0.06666666666666667,0.3,0.1090909090909091,0.10526315789473684,0.2,0.13793103448275862,0.05555555555555555,0.1111111111111111,0.07407407407407407,0.10526315789473684,0.2,0.13793103448275862
9781912776207,ch4,0.037037037037037035,0.1111111111111111,0.05555555555555555,0.0,0.0,0.0,0.037037037037037035,0.1111111111111111,0.05555555555555555,0.07692307692307693,0.1111111111111111,0.09090909090909093,0.0,0.0,0.0,0.07692307692307693,0.1111111111111111,0.09090909090909093
9781912776207,ch4,0.13953488372093023,0.5,0.21818181818181817,0.047619047619047616,0.18181818181818182,0.07547169811320754,0.09302325581395349,0.3333333333333333,0.14545454545454545,0.07142857142857142,0.08333333333333333,0.07692307692307691,0.0,0.0,0.0,0.07142857142857142,0.08333333333333333,0.07692307692307691
9781912776207,ch4,0.25,0.5,0.3333333333333333,0.06451612903225806,0.13333333333333333,0.08695652173913043,0.125,0.25,0.16666666666666666,0.4,0.375,0.38709677419354843,0.14285714285714285,0.13333333333333333,0.1379310344827586,0.26666666666666666,0.25,0.2580645161290323
9781912776207,ch4,0.16279069767441862,0.5384615384615384,0.25000000000000006,0.07142857142857142,0.25,0.11111111111111112,0.13953488372093023,0.46153846153846156,0.21428571428571427,0.4375,0.5384615384615384,0.4827586206896552,0.2,0.25,0.22222222222222224,0.375,0.46153846153846156,0.41379310344827586
9781910797495,chp12,0.11627906976744186,0.25,0.15873015873015872,0.0,0.0,0.0,0.09302325581395349,0.2,0.12698412698412698,0.4074074074074074,0.55,0.46808510638297873,0.3076923076923077,0.42105263157894735,0.35555555555555557,0.37037037037037035,0.5,0.425531914893617
9781910797495,chp12,0.16071428571428573,0.12857142857142856,0.14285714285714285,0.0,0.0,0.0,0.10714285714285714,0.08571428571428572,0.09523809523809523,0.2894736842105263,0.15714285714285714,0.20370370370370372,0.02702702702702703,0.014492753623188406,0.018867924528301886,0.15789473684210525,0.08571428571428572,0.11111111111111112
9781912776726,ch2,0.6111111111111112,0.6666666666666666,0.6376811594202899,0.42857142857142855,0.46875,0.4477611940298507,0.5555555555555556,0.6060606060606061,0.5797101449275361,0.9354838709677419,0.8787878787878788,0.90625,0.7,0.65625,0.6774193548387096,0.9032258064516129,0.8484848484848485,0.875
9781912776726,ch2,0.2619047619047619,0.21153846153846154,0.2340425531914894,0.024390243902439025,0.0196078431372549,0.021739130434782608,0.16666666666666666,0.1346153846153846,0.14893617021276595,0.17567567567567569,0.25,0.20634920634920637,0.0136986301369863,0.0196078431372549,0.016129032258064516,0.12162162162162163,0.17307692307692307,0.14285714285714285
9781912776726,ch2,0.3,0.3409090909090909,0.3191489361702128,0.12244897959183673,0.13953488372093023,0.13043478260869565,0.2,0.22727272727272727,0.21276595744680854,0.21951219512195122,0.20454545454545456,0.21176470588235297,0.05,0.046511627906976744,0.048192771084337345,0.14634146341463414,0.13636363636363635,0.14117647058823526
9781912776726,ch2,0.23076923076923078,0.2553191489361702,0.24242424242424243,0.0196078431372549,0.021739130434782608,0.020618556701030927,0.11538461538461539,0.1276595744680851,0.12121212121212122,0.4117647058823529,0.2978723404255319,0.345679012345679,0.030303030303030304,0.021739130434782608,0.02531645569620253,0.2647058823529412,0.19148936170212766,0.22222222222222224
9781910797815,chp2,0.1,0.21428571428571427,0.13636363636363638,0.0,0.0,0.0,0.06666666666666667,0.14285714285714285,0.09090909090909091,0.047619047619047616,0.07142857142857142,0.057142857142857134,0.0,0.0,0.0,0.047619047619047616,0.07142857142857142,0.057142857142857134
9781910797815,chp2,0.36538461538461536,0.6333333333333333,0.46341463414634143,0.19607843137254902,0.3448275862068966,0.25,0.25,0.43333333333333335,0.3170731707317073,0.5238095238095238,0.36666666666666664,0.4313725490196078,0.35,0.2413793103448276,0.2857142857142857,0.47619047619047616,0.3333333333333333,0.39215686274509803
9781910797815,chp2,0.35294117647058826,0.6666666666666666,0.46153846153846156,0.22,0.4230769230769231,0.28947368421052627,0.17647058823529413,0.3333333333333333,0.23076923076923078,0.7272727272727273,0.2962962962962963,0.42105263157894735,0.4,0.15384615384615385,0.2222222222222222,0.5454545454545454,0.2222222222222222,0.3157894736842105
9781910797815,chp2,0.15625,0.29411764705882354,0.20408163265306123,0.0,0.0,0.0,0.125,0.23529411764705882,0.16326530612244897,0.13333333333333333,0.11764705882352941,0.125,0.0,0.0,0.0,0.13333333333333333,0.11764705882352941,0.125
9781910797815,chp2,0.2727272727272727,0.6428571428571429,0.3829787234042553,0.1875,0.46153846153846156,0.26666666666666666,0.24242424242424243,0.5714285714285714,0.3404255319148936,0.25,0.14285714285714285,0.18181818181818182,0.0,0.0,0.0,0.25,0.14285714285714285,0.18181818181818182
9781910797815,chp2,0.05,0.10526315789473684,0.06779661016949153,0.0,0.0,0.0,0.025,0.05263157894736842,0.03389830508474576,0.047619047619047616,0.05263157894736842,0.05,0.0,0.0,0.0,0.047619047619047616,0.05263157894736842,0.05
9781910797433,ch05,0.19047619047619047,0.7272727272727273,0.3018867924528302,0.04878048780487805,0.2,0.07843137254901962,0.16666666666666666,0.6363636363636364,0.2641509433962264,0.5384615384615384,0.6363636363636364,0.5833333333333334,0.16666666666666666,0.2,0.1818181818181818,0.5384615384615384,0.6363636363636364,0.5833333333333334
9781910797433,ch05,0.1724137931034483,0.45454545454545453,0.25000000000000006,0.03571428571428571,0.1,0.05263157894736841,0.13793103448275862,0.36363636363636365,0.2,0.25,0.36363636363636365,0.2962962962962963,0.06666666666666667,0.1,0.08,0.25,0.36363636363636365,0.2962962962962963
9781910797433,ch05,0.03333333333333333,0.2222222222222222,0.057971014492753624,0.0,0.0,0.0,0.03333333333333333,0.2222222222222222,0.057971014492753624,0.16129032258064516,0.5555555555555556,0.25,0.06666666666666667,0.25,0.10526315789473685,0.12903225806451613,0.4444444444444444,0.19999999999999998
9781910797433,ch05,0.25,0.3191489361702128,0.28037383177570097,0.05084745762711865,0.06521739130434782,0.05714285714285715,0.15,0.19148936170212766,0.16822429906542058,0.45161290322580644,0.2978723404255319,0.3589743589743589,0.1,0.06521739130434782,0.07894736842105264,0.2903225806451613,0.19148936170212766,0.23076923076923078
9781910797433,ch05,0.15,0.375,0.21428571428571425,0.01694915254237288,0.043478260869565216,0.024390243902439025,0.06666666666666667,0.16666666666666666,0.09523809523809522,0.3225806451612903,0.4166666666666667,0.3636363636363636,0.03333333333333333,0.043478260869565216,0.03773584905660378,0.16129032258064516,0.20833333333333334,0.1818181818181818
9781910797617,chp1,0.4444444444444444,0.46153846153846156,0.4528301886792453,0.22641509433962265,0.23529411764705882,0.23076923076923075,0.35185185185185186,0.36538461538461536,0.3584905660377358,0.27906976744186046,0.23076923076923078,0.25263157894736843,0.09523809523809523,0.0784313725490196,0.08602150537634408,0.2558139534883721,0.21153846153846154,0.23157894736842105
9781910797617,chp1,0.1896551724137931,0.5789473684210527,0.2857142857142857,0.12280701754385964,0.3888888888888889,0.18666666666666665,0.15517241379310345,0.47368421052631576,0.23376623376623376,0.5555555555555556,0.5263157894736842,0.5405405405405405,0.4117647058823529,0.3888888888888889,0.39999999999999997,0.5,0.47368421052631576,0.4864864864864865
9781910797617,chp1,0.4594594594594595,0.7391304347826086,0.5666666666666667,0.2222222222222222,0.36363636363636365,0.27586206896551724,0.24324324324324326,0.391304347826087,0.30000000000000004,0.5,0.34782608695652173,0.41025641025641024,0.3333333333333333,0.22727272727272727,0.27027027027027023,0.4375,0.30434782608695654,0.358974358974359
9781910797617,chp1,0.14516129032258066,0.2727272727272727,0.18947368421052632,0.01639344262295082,0.03125,0.02150537634408602,0.0967741935483871,0.18181818181818182,0.12631578947368424,0.3181818181818182,0.21212121212121213,0.2545454545454546,0.09523809523809523,0.0625,0.07547169811320754,0.2727272727272727,0.18181818181818182,0.21818181818181817
9781910797617,chp1,0.0625,0.2,0.09523809523809523,0.0,0.0,0.0,0.0625,0.2,0.09523809523809523,0.06451612903225806,0.13333333333333333,0.08695652173913043,0.0,0.0,0.0,0.06451612903225806,0.13333333333333333,0.08695652173913043
9781910797617,chp1,0.21621621621621623,0.38095238095238093,0.27586206896551724,0.05555555555555555,0.1,0.07142857142857142,0.13513513513513514,0.23809523809523808,0.1724137931034483,0.19402985074626866,0.6190476190476191,0.29545454545454547,0.10606060606060606,0.35,0.1627906976744186,0.14925373134328357,0.47619047619047616,0.22727272727272727
9781908541963,chapter3,0.09090909090909091,0.23076923076923078,0.13043478260869568,0.0,0.0,0.0,0.09090909090909091,0.23076923076923078,0.13043478260869568,1.0,1.0,1.0,1.0,1.0,1.0,1.0,1.0,1.0
9781908541963,chapter3,0.02702702702702703,0.09090909090909091,0.04166666666666667,0.0,0.0,0.0,0.02702702702702703,0.09090909090909091,0.04166666666666667,0.08695652173913043,0.18181818181818182,0.1176470588235294,0.0,0.0,0.0,0.08695652173913043,0.18181818181818182,0.1176470588235294
9781908541963,chapter3,0.25925925925925924,0.5,0.3414634146341463,0.07692307692307693,0.15384615384615385,0.10256410256410257,0.14814814814814814,0.2857142857142857,0.1951219512195122,0.08695652173913043,0.14285714285714285,0.1081081081081081,0.0,0.0,0.0,0.08695652173913043,0.14285714285714285,0.1081081081081081
9781908541963,chapter3,0.2692307692307692,0.5384615384615384,0.3589743589743589,0.08,0.16666666666666666,0.10810810810810811,0.23076923076923078,0.46153846153846156,0.30769230769230776,0.5,0.46153846153846156,0.48000000000000004,0.18181818181818182,0.16666666666666666,0.17391304347826086,0.4166666666666667,0.38461538461538464,0.4
9781908541963,chapter3,0.07692307692307693,0.2727272727272727,0.12000000000000001,0.02631578947368421,0.1,0.041666666666666664,0.07692307692307693,0.2727272727272727,0.12000000000000001,0.0625,0.09090909090909091,0.07407407407407407,0.0,0.0,0.0,0.0625,0.09090909090909091,0.07407407407407407
9781908541796,chapter1,0.21951219512195122,0.3103448275862069,0.2571428571428571,0.05,0.07142857142857142,0.058823529411764705,0.14634146341463414,0.20689655172413793,0.1714285714285714,0.25,0.3448275862068966,0.2898550724637681,0.05128205128205128,0.07142857142857142,0.05970149253731343,0.175,0.2413793103448276,0.2028985507246377
9781908541796,chapter1,0.12195121951219512,0.16666666666666666,0.14084507042253522,0.025,0.034482758620689655,0.028985507246376812,0.0975609756097561,0.13333333333333333,0.11267605633802817,0.125,0.16666666666666666,0.14285714285714288,0.02564102564102564,0.034482758620689655,0.029411764705882353,0.1,0.13333333333333333,0.1142857142857143
9781908541796,chapter1,0.2553191489361702,0.631578947368421,0.3636363636363636,0.10869565217391304,0.2777777777777778,0.15625,0.23404255319148937,0.5789473684210527,0.3333333333333333,0.1,0.10526315789473684,0.10256410256410256,0.0,0.0,0.0,0.1,0.10526315789473684,0.10256410256410256
9781908541796,chapter1,0.2,0.6153846153846154,0.30188679245283023,0.05128205128205128,0.16666666666666666,0.07843137254901959,0.1,0.3076923076923077,0.15094339622641512,0.20689655172413793,0.46153846153846156,0.28571428571428575,0.0,0.0,0.0,0.06896551724137931,0.15384615384615385,0.09523809523809525
9781908541796,chapter1,0.3793103448275862,0.3333333333333333,0.3548387096774193,0.17857142857142858,0.15625,0.16666666666666666,0.27586206896551724,0.24242424242424243,0.2580645161290323,0.42105263157894735,0.24242424242424243,0.3076923076923077,0.2777777777777778,0.15625,0.19999999999999998,0.42105263157894735,0.24242424242424243,0.3076923076923077
9781908541963,chapter5,0.08695652173913043,0.15384615384615385,0.1111111111111111,0.0,0.0,0.0,0.08695652173913043,0.15384615384615385,0.1111111111111111,0.19047619047619047,0.3076923076923077,0.23529411764705882,0.1,0.16666666666666666,0.125,0.19047619047619047,0.3076923076923077,0.23529411764705882
9781908541963,chapter5,0.16279069767441862,0.4666666666666667,0.24137931034482765,0.047619047619047616,0.14285714285714285,0.07142857142857142,0.13953488372093023,0.4,0.2068965517241379,0.20833333333333334,0.3333333333333333,0.25641025641025644,0.043478260869565216,0.07142857142857142,0.05405405405405405,0.20833333333333334,0.3333333333333333,0.25641025641025644
9781908541963,chapter5,0.13157894736842105,0.2,0.1587301587301587,0.0,0.0,0.0,0.10526315789473684,0.16,0.12698412698412698,0.0784313725490196,0.16,0.10526315789473684,0.0,0.0,0.0,0.058823529411764705,0.12,0.07894736842105263
9781908541963,chapter5,0.20930232558139536,0.5,0.29508196721311475,0.11904761904761904,0.29411764705882354,0.16949152542372883,0.18604651162790697,0.4444444444444444,0.2622950819672131,0.5,0.4444444444444444,0.47058823529411764,0.3333333333333333,0.29411764705882354,0.3125,0.5,0.4444444444444444,0.47058823529411764
9781908541963,chapter5,0.15384615384615385,0.5,0.23529411764705882,0.07894736842105263,0.2727272727272727,0.12244897959183672,0.15384615384615385,0.5,0.23529411764705882,0.5454545454545454,0.5,0.5217391304347826,0.3,0.2727272727272727,0.28571428571428564,0.5454545454545454,0.5,0.5217391304347826
9781910797907,chp2,0.26666666666666666,0.38095238095238093,0.3137254901960784,0.10344827586206896,0.15,0.12244897959183673,0.23333333333333334,0.3333333333333333,0.27450980392156865,0.2608695652173913,0.2857142857142857,0.2727272727272727,0.045454545454545456,0.05,0.04761904761904762,0.17391304347826086,0.19047619047619047,0.1818181818181818
9781910797907,chp2,0.06666666666666667,0.18181818181818182,0.0975609756097561,0.0,0.0,0.0,0.06666666666666667,0.18181818181818182,0.0975609756097561,0.08695652173913043,0.18181818181818182,0.1176470588235294,0.0,0.0,0.0,0.08695652173913043,0.18181818181818182,0.1176470588235294
9781910797907,chp2,0.4838709677419355,0.7894736842105263,0.6,0.4,0.6666666666666666,0.5,0.3548387096774194,0.5789473684210527,0.44000000000000006,0.22727272727272727,0.2631578947368421,0.24390243902439024,0.14285714285714285,0.16666666666666666,0.15384615384615383,0.18181818181818182,0.21052631578947367,0.1951219512195122
9781910797907,chp2,0.47619047619047616,0.9090909090909091,0.6249999999999999,0.35,0.7,0.4666666666666667,0.47619047619047616,0.9090909090909091,0.6249999999999999,0.5,1.0,0.6666666666666666,0.38095238095238093,0.8,0.5161290322580645,0.5,1.0,0.6666666666666666
9781910797907,chp2,0.34285714285714286,1.0,0.5106382978723404,0.23529411764705882,0.7272727272727273,0.3555555555555555,0.3142857142857143,0.9166666666666666,0.4680851063829787,0.18181818181818182,0.16666666666666666,0.17391304347826086,0.1,0.09090909090909091,0.09523809523809525,0.18181818181818182,0.16666666666666666,0.17391304347826086
9781908541666,ch_13,0.044444444444444446,0.2857142857142857,0.07692307692307693,0.0,0.0,0.0,0.044444444444444446,0.2857142857142857,0.07692307692307693,0.3076923076923077,0.5714285714285714,0.4,0.25,0.5,0.3333333333333333,0.3076923076923077,0.5714285714285714,0.4
9781908541666,ch_13,0.15555555555555556,0.7,0.2545454545454545,0.06818181818181818,0.3333333333333333,0.11320754716981131,0.13333333333333333,0.6,0.2181818181818182,0.07692307692307693,0.1,0.08695652173913043,0.0,0.0,0.0,0.07692307692307693,0.1,0.08695652173913043
9781908541666,ch_13,0.06666666666666667,0.3333333333333333,0.1111111111111111,0.0,0.0,0.0,0.044444444444444446,0.2222222222222222,0.07407407407407407,0.38461538461538464,0.5555555555555556,0.4545454545454546,0.16666666666666666,0.25,0.2,0.3076923076923077,0.4444444444444444,0.3636363636363637
9781908541666,ch_13,0.12,0.42857142857142855,0.1875,0.08333333333333333,0.3333333333333333,0.13333333333333333,0.12,0.42857142857142855,0.1875,0.07142857142857142,0.14285714285714285,0.09523809523809523,0.0,0.0,0.0,0.07142857142857142,0.14285714285714285,0.09523809523809523
9781908541666,ch_13,0.36,1.0,0.5294117647058824,0.2916666666666667,0.875,0.43750000000000006,0.36,1.0,0.5294117647058824,0.21428571428571427,0.3333333333333333,0.2608695652173913,0.0,0.0,0.0,0.14285714285714285,0.2222222222222222,0.17391304347826086
9781908541666,ch_13,0.16,0.4444444444444444,0.23529411764705882,0.041666666666666664,0.125,0.0625,0.12,0.3333333333333333,0.1764705882352941,0.07142857142857142,0.1111111111111111,0.08695652173913043,0.0,0.0,0.0,0.07142857142857142,0.1111111111111111,0.08695652173913043
9781908541666,ch_13,0.05555555555555555,0.2,0.08695652173913045,0.02857142857142857,0.1111111111111111,0.04545454545454545,0.05555555555555555,0.2,0.08695652173913045,0.18518518518518517,0.5,0.2702702702702703,0.07692307692307693,0.2222222222222222,0.1142857142857143,0.1111111111111111,0.3,0.16216216216216217
9781908541666,ch_13,0.08333333333333333,0.375,0.13636363636363638,0.02857142857142857,0.14285714285714285,0.04761904761904761,0.08333333333333333,0.375,0.13636363636363638,0.07407407407407407,0.25,0.11428571428571428,0.0,0.0,0.0,0.07407407407407407,0.25,0.11428571428571428
9781908541666,ch_13,0.30303030303030304,0.7692307692307693,0.43478260869565216,0.25,0.6666666666666666,0.36363636363636365,0.30303030303030304,0.7692307692307693,0.43478260869565216,0.47619047619047616,0.7692307692307693,0.588235294117647,0.4,0.6666666666666666,0.5,0.47619047619047616,0.7692307692307693,0.588235294117647
9781912776153,chp3,0.10256410256410256,0.10526315789473684,0.1038961038961039,0.0,0.0,0.0,0.07692307692307693,0.07894736842105263,0.07792207792207792,0.14634146341463414,0.15789473684210525,0.1518987341772152,0.0,0.0,0.0,0.0975609756097561,0.10526315789473684,0.10126582278481013
9781912776153,chp3,0.07317073170731707,0.375,0.12244897959183672,0.0,0.0,0.0,0.07317073170731707,0.375,0.12244897959183672,0.07692307692307693,0.25,0.11764705882352941,0.0,0.0,0.0,0.07692307692307693,0.25,0.11764705882352941
9781912776153,chp3,0.3050847457627119,0.9,0.45569620253164556,0.29310344827586204,0.8947368421052632,0.44155844155844154,0.3050847457627119,0.9,0.45569620253164556,0.13043478260869565,0.15,0.13953488372093023,0.0,0.0,0.0,0.08695652173913043,0.1,0.09302325581395349
9781912776153,chp3,0.7741935483870968,1.0,0.8727272727272727,0.7666666666666667,1.0,0.8679245283018869,0.7741935483870968,1.0,0.8727272727272727,0.5238095238095238,0.4583333333333333,0.4888888888888889,0.45,0.391304347826087,0.4186046511627907,0.5238095238095238,0.4583333333333333,0.4888888888888889
9781912776153,chp3,0.4375,0.84,0.5753424657534247,0.3829787234042553,0.75,0.5070422535211269,0.4166666666666667,0.8,0.547945205479452,0.631578947368421,0.48,0.5454545454545454,0.4444444444444444,0.3333333333333333,0.380952380952381,0.5789473684210527,0.44,0.5
9781912776153,chp3,0.25,0.375,0.3,0.1864406779661017,0.28205128205128205,0.22448979591836735,0.2,0.3,0.24,0.2916666666666667,0.175,0.21875,0.0,0.0,0.0,0.25,0.15,0.18749999999999997
9781912776153,chp3,0.35714285714285715,1.0,0.5263157894736842,0.34545454545454546,1.0,0.5135135135135135,0.35714285714285715,1.0,0.5263157894736842,0.125,0.15,0.13636363636363635,0.0,0.0,0.0,0.08333333333333333,0.1,0.0909090909090909
9781908541468,ch_14,0.3548387096774194,0.5789473684210527,0.44000000000000006,0.23333333333333334,0.3888888888888889,0.2916666666666667,0.2903225806451613,0.47368421052631576,0.36,0.4666666666666667,0.3684210526315789,0.4117647058823529,0.35714285714285715,0.2777777777777778,0.31250000000000006,0.4,0.3157894736842105,0.35294117647058826
9781908541468,ch_14,0.125,0.46153846153846156,0.19672131147540983,0.02127659574468085,0.08333333333333333,0.03389830508474576,0.0625,0.23076923076923078,0.09836065573770492,0.23076923076923078,0.23076923076923078,0.23076923076923078,0.0,0.0,0.0,0.07692307692307693,0.07692307692307693,0.07692307692307693
9781908541468,ch_14,0.125,0.6363636363636364,0.208955223880597,0.05454545454545454,0.3,0.0923076923076923,0.10714285714285714,0.5454545454545454,0.1791044776119403,0.25,0.7272727272727273,0.37209302325581395,0.0967741935483871,0.3,0.14634146341463414,0.1875,0.5454545454545454,0.27906976744186046
9781908541468,ch_14,0.125,0.21739130434782608,0.15873015873015875,0.0,0.0,0.0,0.125,0.21739130434782608,0.15873015873015875,0.043478260869565216,0.043478260869565216,0.043478260869565216,0.0,0.0,0.0,0.043478260869565216,0.043478260869565216,0.043478260869565216
9781908541468,ch_14,0.06,0.23076923076923078,0.09523809523809523,0.0,0.0,0.0,0.04,0.15384615384615385,0.0634920634920635,0.15789473684210525,0.23076923076923078,0.18749999999999997,0.0,0.0,0.0,0.10526315789473684,0.15384615384615385,0.125
9781908541468,ch_14,0.13953488372093023,0.20689655172413793,0.16666666666666666,0.023809523809523808,0.03571428571428571,0.028571428571428567,0.09302325581395349,0.13793103448275862,0.1111111111111111,0.08333333333333333,0.06896551724137931,0.07547169811320754,0.0,0.0,0.0,0.041666666666666664,0.034482758620689655,0.03773584905660377
9781910797662,ch09,0.08771929824561403,0.3333333333333333,0.1388888888888889,0.0,0.0,0.0,0.03508771929824561,0.13333333333333333,0.05555555555555556,0.07317073170731707,0.2,0.10714285714285712,0.0,0.0,0.0,0.04878048780487805,0.13333333333333333,0.07142857142857142
9781910797662,ch09,0.08771929824561403,0.19230769230769232,0.12048192771084336,0.0,0.0,0.0,0.05263157894736842,0.11538461538461539,0.07228915662650602,0.07317073170731707,0.11538461538461539,0.08955223880597016,0.0,0.0,0.0,0.024390243902439025,0.038461538461538464,0.029850746268656723
9781910797662,ch09,0.08695652173913043,0.2857142857142857,0.13333333333333333,0.014705882352941176,0.05,0.022727272727272724,0.07246376811594203,0.23809523809523808,0.11111111111111112,0.045454545454545456,0.047619047619047616,0.046511627906976744,0.0,0.0,0.0,0.045454545454545456,0.047619047619047616,0.046511627906976744
9781910797662,ch09,0.1282051282051282,0.3125,0.1818181818181818,0.05263157894736842,0.13333333333333333,0.07547169811320754,0.1282051282051282,0.3125,0.1818181818181818,0.07894736842105263,0.1875,0.11111111111111109,0.0,0.0,0.0,0.07894736842105263,0.1875,0.11111111111111109
9781910797662,ch09,0.1951219512195122,0.38095238095238093,0.2580645161290323,0.05,0.1,0.06666666666666667,0.14634146341463414,0.2857142857142857,0.1935483870967742,0.13793103448275862,0.19047619047619047,0.16,0.0,0.0,0.0,0.10344827586206896,0.14285714285714285,0.12000000000000001
9781910797211,ch04,0.37142857142857144,0.5909090909090909,0.456140350877193,0.2647058823529412,0.42857142857142855,0.32727272727272727,0.37142857142857144,0.5909090909090909,0.456140350877193,0.23333333333333334,0.3181818181818182,0.2692307692307693,0.0,0.0,0.0,0.16666666666666666,0.22727272727272727,0.1923076923076923
9781910797211,ch04,0.55,0.5789473684210527,0.5641025641025641,0.41025641025641024,0.43243243243243246,0.42105263157894735,0.425,0.4473684210526316,0.4358974358974359,0.6052631578947368,0.6052631578947368,0.6052631578947368,0.4864864864864865,0.4864864864864865,0.4864864864864865,0.5526315789473685,0.5526315789473685,0.5526315789473685
9781910797211,ch04,0.2222222222222222,0.23529411764705882,0.22857142857142856,0.02857142857142857,0.030303030303030304,0.029411764705882356,0.1388888888888889,0.14705882352941177,0.14285714285714288,0.2647058823529412,0.2647058823529412,0.2647058823529412,0.030303030303030304,0.030303030303030304,0.030303030303030304,0.17647058823529413,0.17647058823529413,0.17647058823529413
9781910797211,ch04,0.2,0.3157894736842105,0.24489795918367346,0.0,0.0,0.0,0.13333333333333333,0.21052631578947367,0.163265306122449,0.2777777777777778,0.2631578947368421,0.27027027027027023,0.058823529411764705,0.05555555555555555,0.05714285714285714,0.2222222222222222,0.21052631578947367,0.21621621621621623
9781910797211,ch04,0.10204081632653061,0.1388888888888889,0.11764705882352941,0.041666666666666664,0.05714285714285714,0.048192771084337345,0.10204081632653061,0.1388888888888889,0.11764705882352941,0.34375,0.3055555555555556,0.3235294117647059,0.03225806451612903,0.02857142857142857,0.030303030303030307,0.1875,0.16666666666666666,0.17647058823529413
9781910797211,ch04,0.3076923076923077,0.5217391304347826,0.3870967741935484,0.10526315789473684,0.18181818181818182,0.13333333333333333,0.23076923076923078,0.391304347826087,0.2903225806451613,0.3333333333333333,0.17391304347826086,0.22857142857142854,0.0,0.0,0.0,0.25,0.13043478260869565,0.1714285714285714
9781910797211,ch04,0.28205128205128205,0.3793103448275862,0.3235294117647059,0.10526315789473684,0.14285714285714285,0.12121212121212122,0.23076923076923078,0.3103448275862069,0.2647058823529412,0.16666666666666666,0.06896551724137931,0.0975609756097561,0.0,0.0,0.0,0.16666666666666666,0.06896551724137931,0.0975609756097561
9781910797211,ch04,0.23636363636363636,0.21666666666666667,0.22608695652173916,0.037037037037037035,0.03389830508474576,0.035398230088495575,0.10909090909090909,0.1,0.10434782608695652,0.7142857142857143,0.4166666666666667,0.5263157894736842,0.20588235294117646,0.11864406779661017,0.15053763440860216,0.4,0.23333333333333334,0.2947368421052632
9781908541727,ch03,0.4411764705882353,0.30612244897959184,0.3614457831325301,0.21212121212121213,0.14583333333333334,0.1728395061728395,0.38235294117647056,0.2653061224489796,0.3132530120481928,0.4117647058823529,0.2857142857142857,0.3373493975903614,0.15151515151515152,0.10416666666666667,0.1234567901234568,0.3235294117647059,0.22448979591836735,0.26506024096385544
9781908541727,ch03,0.34285714285714286,0.3333333333333333,0.3380281690140845,0.08823529411764706,0.08571428571428572,0.08695652173913045,0.14285714285714285,0.1388888888888889,0.14084507042253522,0.2857142857142857,0.1111111111111111,0.16,0.07692307692307693,0.02857142857142857,0.041666666666666664,0.14285714285714285,0.05555555555555555,0.08
9781908541727,ch03,0.16129032258064516,0.15151515151515152,0.15625,0.0,0.0,0.0,0.0967741935483871,0.09090909090909091,0.09375000000000001,0.18181818181818182,0.06060606060606061,0.09090909090909091,0.0,0.0,0.0,0.18181818181818182,0.06060606060606061,0.09090909090909091
9781908541727,ch03,0.2222222222222222,0.4,0.2857142857142857,0.08571428571428572,0.15789473684210525,0.11111111111111112,0.16666666666666666,0.3,0.21428571428571427,0.12,0.15,0.1333333333333333,0.08333333333333333,0.10526315789473684,0.0930232558139535,0.12,0.15,0.1333333333333333
9783318068207,hh-8,0.16129032258064516,0.2631578947368421,0.19999999999999998,0.03333333333333333,0.05555555555555555,0.04166666666666667,0.0967741935483871,0.15789473684210525,0.12000000000000001,0.3,0.3157894736842105,0.3076923076923077,0.10526315789473684,0.1111111111111111,0.10810810810810811,0.3,0.3157894736842105,0.3076923076923077
9783318068207,hh-8,0.09523809523809523,0.15384615384615385,0.11764705882352941,0.0,0.0,0.0,0.09523809523809523,0.15384615384615385,0.11764705882352941,0.15789473684210525,0.23076923076923078,0.18749999999999997,0.0,0.0,0.0,0.10526315789473684,0.15384615384615385,0.125
9783318068207,hh-8,0.043478260869565216,0.14285714285714285,0.06666666666666667,0.0,0.0,0.0,0.043478260869565216,0.14285714285714285,0.06666666666666667,0.04,0.14285714285714285,0.0625,0.0,0.0,0.0,0.04,0.14285714285714285,0.0625
9783318068207,hh-8,0.13043478260869565,0.17647058823529413,0.15,0.0,0.0,0.0,0.13043478260869565,0.17647058823529413,0.15,0.08,0.11764705882352941,0.09523809523809526,0.0,0.0,0.0,0.04,0.058823529411764705,0.04761904761904763
9781908541024,ch_12,0.4,0.48,0.4363636363636364,0.1724137931034483,0.20833333333333334,0.18867924528301888,0.26666666666666666,0.32,0.2909090909090909,0.47058823529411764,0.32,0.38095238095238104,0.25,0.16666666666666666,0.2,0.35294117647058826,0.24,0.28571428571428564
9781908541024,ch_12,0.3235294117647059,0.3793103448275862,0.3492063492063492,0.030303030303030304,0.03571428571428571,0.03278688524590164,0.14705882352941177,0.1724137931034483,0.15873015873015872,0.7142857142857143,0.6896551724137931,0.7017543859649122,0.5925925925925926,0.5714285714285714,0.5818181818181818,0.7142857142857143,0.6896551724137931,0.7017543859649122
9781908541024,ch_12,0.2558139534883721,0.4074074074074074,0.3142857142857143,0.0,0.0,0.0,0.18604651162790697,0.2962962962962963,0.22857142857142856,0.2,0.14814814814814814,0.1702127659574468,0.05263157894736842,0.038461538461538464,0.044444444444444446,0.2,0.14814814814814814,0.1702127659574468
9781908541024,ch_12,0.13043478260869565,0.15789473684210525,0.14285714285714288,0.0,0.0,0.0,0.13043478260869565,0.15789473684210525,0.14285714285714288,0.08333333333333333,0.05263157894736842,0.06451612903225808,0.0,0.0,0.0,0.08333333333333333,0.05263157894736842,0.06451612903225808
9781908541024,ch_12,0.15,0.23076923076923078,0.18181818181818185,0.0,0.0,0.0,0.125,0.19230769230769232,0.15151515151515152,0.19230769230769232,0.19230769230769232,0.19230769230769232,0.0,0.0,0.0,0.15384615384615385,0.15384615384615385,0.15384615384615385
9781908541024,ch_12,0.08823529411764706,0.3,0.13636363636363635,0.030303030303030304,0.1111111111111111,0.047619047619047616,0.08823529411764706,0.3,0.13636363636363635,0.07407407407407407,0.2,0.10810810810810811,0.0,0.0,0.0,0.07407407407407407,0.2,0.10810810810810811
9781910797105,ch05,0.10526315789473684,0.4444444444444444,0.1702127659574468,0.0,0.0,0.0,0.05263157894736842,0.2222222222222222,0.0851063829787234,0.0,0.0,0.0,0.0,0.0,0.0,0.0,0.0,0.0
9781910797105,ch05,0.21052631578947367,0.6153846153846154,0.3137254901960784,0.08108108108108109,0.25,0.12244897959183675,0.18421052631578946,0.5384615384615384,0.2745098039215686,0.6,0.46153846153846156,0.5217391304347826,0.3333333333333333,0.25,0.28571428571428575,0.6,0.46153846153846156,0.5217391304347826
9781910797105,ch05,0.13157894736842105,0.45454545454545453,0.2040816326530612,0.05405405405405406,0.2,0.0851063829787234,0.13157894736842105,0.45454545454545453,0.2040816326530612,0.1,0.09090909090909091,0.09523809523809525,0.0,0.0,0.0,0.1,0.09090909090909091,0.09523809523809525
9781910797105,ch05,0.17647058823529413,0.5454545454545454,0.26666666666666666,0.06060606060606061,0.2,0.0930232558139535,0.14705882352941177,0.45454545454545453,0.22222222222222224,0.125,0.2727272727272727,0.17142857142857143,0.043478260869565216,0.1,0.06060606060606061,0.125,0.2727272727272727,0.17142857142857143
9781910797105,ch05,0.0,0.0,0.0,0.0,0.0,0.0,0.0,0.0,0.0,0.15789473684210525,0.3333333333333333,0.21428571428571427,0.0,0.0,0.0,0.10526315789473684,0.2222222222222222,0.14285714285714285
9781910797105,ch05,0.08333333333333333,0.3,0.13043478260869565,0.0,0.0,0.0,0.08333333333333333,0.3,0.13043478260869565,0.05263157894736842,0.1,0.06896551724137931,0.0,0.0,0.0,0.05263157894736842,0.1,0.06896551724137931
9781908541420,ch_6,0.16666666666666666,0.17391304347826086,0.1702127659574468,0.043478260869565216,0.045454545454545456,0.04444444444444444,0.16666666666666666,0.17391304347826086,0.1702127659574468,0.3076923076923077,0.17391304347826086,0.2222222222222222,0.16666666666666666,0.09090909090909091,0.11764705882352942,0.3076923076923077,0.17391304347826086,0.2222222222222222
9781908541420,ch_6,0.29411764705882354,0.23809523809523808,0.2631578947368421,0.09090909090909091,0.07317073170731707,0.08108108108108109,0.14705882352941177,0.11904761904761904,0.13157894736842105,0.5,0.38095238095238093,0.4324324324324324,0.3870967741935484,0.2926829268292683,0.3333333333333333,0.46875,0.35714285714285715,0.40540540540540543
9781908541420,ch_6,0.12195121951219512,0.29411764705882354,0.17241379310344826,0.025,0.0625,0.03571428571428572,0.0975609756097561,0.23529411764705882,0.13793103448275862,0.0625,0.058823529411764705,0.06060606060606061,0.0,0.0,0.0,0.0625,0.058823529411764705,0.06060606060606061
9781908541420,ch_6,0.13333333333333333,0.26666666666666666,0.17777777777777776,0.034482758620689655,0.07142857142857142,0.046511627906976744,0.13333333333333333,0.26666666666666666,0.17777777777777776,0.13793103448275862,0.26666666666666666,0.18181818181818182,0.03571428571428571,0.07142857142857142,0.047619047619047616,0.13793103448275862,0.26666666666666666,0.18181818181818182
9781908541420,ch_6,0.13333333333333333,0.4444444444444444,0.20512820512820512,0.06896551724137931,0.25,0.1081081081081081,0.13333333333333333,0.4444444444444444,0.20512820512820512,0.05263157894736842,0.1111111111111111,0.07142857142857142,0.0,0.0,0.0,0.05263157894736842,0.1111111111111111,0.07142857142857142
9781908541420,ch_6,0.25,0.9090909090909091,0.392156862745098,0.1794871794871795,0.7,0.2857142857142857,0.25,0.9090909090909091,0.392156862745098,0.9,0.8181818181818182,0.8571428571428572,0.7777777777777778,0.7,0.7368421052631577,0.9,0.8181818181818182,0.8571428571428572
9781908541680,ch_8,0.3611111111111111,0.7647058823529411,0.490566037735849,0.17142857142857143,0.375,0.23529411764705876,0.2777777777777778,0.5882352941176471,0.3773584905660377,0.55,0.6470588235294118,0.5945945945945946,0.2631578947368421,0.3125,0.2857142857142857,0.45,0.5294117647058824,0.48648648648648646
9781908541680,ch_8,0.19444444444444445,0.7777777777777778,0.3111111111111111,0.08571428571428572,0.375,0.1395348837209302,0.19444444444444445,0.7777777777777778,0.3111111111111111,0.16666666666666666,0.2222222222222222,0.1904761904761905,0.09090909090909091,0.125,0.10526315789473685,0.16666666666666666,0.2222222222222222,0.1904761904761905
9781908541680,ch_8,0.1,0.2727272727272727,0.14634146341463417,0.0,0.0,0.0,0.1,0.2727272727272727,0.14634146341463417,0.13043478260869565,0.2727272727272727,0.1764705882352941,0.0,0.0,0.0,0.13043478260869565,0.2727272727272727,0.1764705882352941
9781908541680,ch_8,0.10204081632653061,0.3125,0.15384615384615385,0.041666666666666664,0.13333333333333333,0.06349206349206349,0.10204081632653061,0.3125,0.15384615384615385,0.0,0.0,0.0,0.0,0.0,0.0,0.0,0.0,0.0
9781910797457,chp8,0.21818181818181817,0.48,0.3,0.037037037037037035,0.08333333333333333,0.05128205128205128,0.18181818181818182,0.4,0.25000000000000006,0.21428571428571427,0.24,0.2264150943396226,0.037037037037037035,0.041666666666666664,0.03921568627450981,0.10714285714285714,0.12,0.1132075471698113
9781910797457,chp8,0.09090909090909091,0.4166666666666667,0.1492537313432836,0.037037037037037035,0.18181818181818182,0.061538461538461535,0.09090909090909091,0.4166666666666667,0.1492537313432836,0.07142857142857142,0.16666666666666666,0.1,0.0,0.0,0.0,0.07142857142857142,0.16666666666666666,0.1
9781910797457,chp8,0.10909090909090909,0.18181818181818182,0.13636363636363638,0.0,0.0,0.0,0.05454545454545454,0.09090909090909091,0.06818181818181819,0.25,0.21212121212121213,0.22950819672131145,0.0,0.0,0.0,0.17857142857142858,0.15151515151515152,0.16393442622950818
9781910797457,chp8,0.05454545454545454,0.2727272727272727,0.0909090909090909,0.018518518518518517,0.1,0.03125,0.03636363636363636,0.18181818181818182,0.0606060606060606,0.10714285714285714,0.2727272727272727,0.15384615384615383,0.0,0.0,0.0,0.07142857142857142,0.18181818181818182,0.10256410256410255
9781910797457,chp8,0.18181818181818182,0.14634146341463414,0.16216216216216217,0.0,0.0,0.0,0.12121212121212122,0.0975609756097561,0.1081081081081081,0.35,0.34146341463414637,0.34567901234567905,0.02564102564102564,0.025,0.02531645569620253,0.15,0.14634146341463414,0.14814814814814814
9781910797457,chp8,0.15625,0.4166666666666667,0.22727272727272727,0.06451612903225806,0.18181818181818182,0.09523809523809523,0.125,0.3333333333333333,0.18181818181818182,0.05555555555555555,0.08333333333333333,0.06666666666666667,0.0,0.0,0.0,0.05555555555555555,0.08333333333333333,0.06666666666666667
9781910797457,chp8,0.22,0.4583333333333333,0.29729729729729726,0.08163265306122448,0.17391304347826086,0.11111111111111112,0.1,0.20833333333333334,0.13513513513513514,0.34615384615384615,0.375,0.35999999999999993,0.12,0.13043478260869565,0.12499999999999997,0.2692307692307692,0.2916666666666667,0.27999999999999997
9781910797815,chp7,0.32432432432432434,0.5217391304347826,0.4,0.08333333333333333,0.13636363636363635,0.10344827586206896,0.1891891891891892,0.30434782608695654,0.23333333333333334,0.3076923076923077,0.17391304347826086,0.2222222222222222,0.0,0.0,0.0,0.23076923076923078,0.13043478260869565,0.16666666666666669
9781910797815,chp7,0.027777777777777776,0.07142857142857142,0.04,0.0,0.0,0.0,0.027777777777777776,0.07142857142857142,0.04,0.5833333333333334,0.5,0.5384615384615384,0.45454545454545453,0.38461538461538464,0.41666666666666663,0.5833333333333334,0.5,0.5384615384615384
9781910797815,chp7,0.14285714285714285,0.29411764705882354,0.1923076923076923,0.029411764705882353,0.0625,0.039999999999999994,0.11428571428571428,0.23529411764705882,0.15384615384615385,0.2777777777777778,0.29411764705882354,0.28571428571428575,0.058823529411764705,0.0625,0.06060606060606061,0.2222222222222222,0.23529411764705882,0.22857142857142856
9781910797815,chp7,0.11428571428571428,0.23529411764705882,0.15384615384615385,0.0,0.0,0.0,0.08571428571428572,0.17647058823529413,0.11538461538461539,0.16666666666666666,0.23529411764705882,0.19512195121951217,0.0,0.0,0.0,0.125,0.17647058823529413,0.14634146341463414
9783318066685,ch4,0.23728813559322035,0.4,0.2978723404255319,0.06896551724137931,0.11764705882352941,0.08695652173913043,0.15254237288135594,0.2571428571428571,0.19148936170212763,0.29545454545454547,0.37142857142857144,0.32911392405063294,0.046511627906976744,0.058823529411764705,0.05194805194805195,0.18181818181818182,0.22857142857142856,0.20253164556962025
9783318066685,ch4,0.08620689655172414,0.1388888888888889,0.10638297872340427,0.0,0.0,0.0,0.08620689655172414,0.1388888888888889,0.10638297872340427,0.06557377049180328,0.1111111111111111,0.08247422680412371,0.016666666666666666,0.02857142857142857,0.021052631578947368,0.04918032786885246,0.08333333333333333,0.061855670103092786
9783318066685,ch4,0.1346153846153846,0.20588235294117646,0.1627906976744186,0.0392156862745098,0.06060606060606061,0.04761904761904762,0.057692307692307696,0.08823529411764706,0.06976744186046513,0.17391304347826086,0.11764705882352941,0.14035087719298242,0.0,0.0,0.0,0.13043478260869565,0.08823529411764706,0.10526315789473685
9783318066685,ch4,0.15789473684210525,0.391304347826087,0.225,0.05357142857142857,0.13636363636363635,0.07692307692307691,0.14035087719298245,0.34782608695652173,0.19999999999999998,0.2413793103448276,0.30434782608695654,0.2692307692307692,0.07142857142857142,0.09090909090909091,0.08,0.13793103448275862,0.17391304347826086,0.15384615384615385
9783318066685,ch4,0.2,0.275,0.23157894736842108,0.07407407407407407,0.10256410256410256,0.08602150537634408,0.12727272727272726,0.175,0.14736842105263157,0.30434782608695654,0.35,0.3255813953488372,0.17777777777777778,0.20512820512820512,0.19047619047619047,0.21739130434782608,0.25,0.23255813953488372
9781908541680,ch_4,0.14814814814814814,0.5714285714285714,0.23529411764705882,0.0,0.0,0.0,0.1111111111111111,0.42857142857142855,0.17647058823529413,0.125,0.2857142857142857,0.17391304347826086,0.0,0.0,0.0,0.0625,0.14285714285714285,0.08695652173913043
9781908541680,ch_4,0.2962962962962963,0.5333333333333333,0.38095238095238093,0.038461538461538464,0.07142857142857142,0.05,0.18518518518518517,0.3333333333333333,0.23809523809523808,0.3125,0.3333333333333333,0.3225806451612903,0.0,0.0,0.0,0.25,0.26666666666666666,0.2580645161290323
9781908541680,ch_4,0.08108108108108109,0.16666666666666666,0.1090909090909091,0.0,0.0,0.0,0.05405405405405406,0.1111111111111111,0.07272727272727272,0.0,0.0,0.0,0.0,0.0,0.0,0.0,0.0,0.0
9781908541680,ch_4,0.2,0.2413793103448276,0.21875000000000003,0.0,0.0,0.0,0.14285714285714285,0.1724137931034483,0.15625,0.3333333333333333,0.3448275862068966,0.33898305084745767,0.1724137931034483,0.17857142857142858,0.17543859649122806,0.3,0.3103448275862069,0.3050847457627119
9781908541680,ch_4,0.14285714285714285,0.46153846153846156,0.21818181818181817,0.0,0.0,0.0,0.09523809523809523,0.3076923076923077,0.14545454545454545,0.2222222222222222,0.3076923076923077,0.2580645161290323,0.0,0.0,0.0,0.16666666666666666,0.23076923076923078,0.1935483870967742
